{
  "n_nodes_total": 340,
  "n_edges_total": 542,
  "n_households": 88,
  "avg_household_size": 3.8636363636363638,
  "avg_density_per_hh": 0.9632575757575759,
  "avg_diameter_per_hh": 1.1704545454545454,
  "avg_clustering_per_hh": 0.7993686868686868,
  "overall_attack_rate_pct": 70.88235294117648,
  "note": "Metrics computed per household component (88 separate HH subgraphs)"
}